"PSComputerName","__GENUS","__CLASS","__SUPERCLASS","__DYNASTY","__RELPATH","__PROPERTY_COUNT","__DERIVATION","__SERVER","__NAMESPACE","__PATH","AccountType","Caption","Description","Disabled","Domain","FullName","InstallDate","LocalAccount","Lockout","Name","PasswordChangeable","PasswordExpires","PasswordRequired","SID","SIDType","Status"
"DESKTOP-2E8SKHK","2","Win32_UserAccount","Win32_Account","CIM_ManagedSystemElement","Win32_UserAccount.Domain=""DESKTOP-2E8SKHK"",Name=""Administrator""","16","System.String[]","DESKTOP-2E8SKHK","root\cimv2","\\DESKTOP-2E8SKHK\root\cimv2:Win32_UserAccount.Domain=""DESKTOP-2E8SKHK"",Name=""Administrator""","512","DESKTOP-2E8SKHK\Administrator","Built-in account for administering the computer/domain","True","DESKTOP-2E8SKHK","",,"True","False","Administrator","True","False","True","S-1-5-21-2529540908-2362371235-1068731176-500","1","Degraded"
"DESKTOP-2E8SKHK","2","Win32_UserAccount","Win32_Account","CIM_ManagedSystemElement","Win32_UserAccount.Domain=""DESKTOP-2E8SKHK"",Name=""champuser""","16","System.String[]","DESKTOP-2E8SKHK","root\cimv2","\\DESKTOP-2E8SKHK\root\cimv2:Win32_UserAccount.Domain=""DESKTOP-2E8SKHK"",Name=""champuser""","512","DESKTOP-2E8SKHK\champuser","","False","DESKTOP-2E8SKHK","",,"True","False","champuser","True","False","False","S-1-5-21-2529540908-2362371235-1068731176-1002","1","OK"
"DESKTOP-2E8SKHK","2","Win32_UserAccount","Win32_Account","CIM_ManagedSystemElement","Win32_UserAccount.Domain=""DESKTOP-2E8SKHK"",Name=""DefaultAccount""","16","System.String[]","DESKTOP-2E8SKHK","root\cimv2","\\DESKTOP-2E8SKHK\root\cimv2:Win32_UserAccount.Domain=""DESKTOP-2E8SKHK"",Name=""DefaultAccount""","512","DESKTOP-2E8SKHK\DefaultAccount","A user account managed by the system.","True","DESKTOP-2E8SKHK","",,"True","False","DefaultAccount","True","False","False","S-1-5-21-2529540908-2362371235-1068731176-503","1","Degraded"
"DESKTOP-2E8SKHK","2","Win32_UserAccount","Win32_Account","CIM_ManagedSystemElement","Win32_UserAccount.Domain=""DESKTOP-2E8SKHK"",Name=""Guest""","16","System.String[]","DESKTOP-2E8SKHK","root\cimv2","\\DESKTOP-2E8SKHK\root\cimv2:Win32_UserAccount.Domain=""DESKTOP-2E8SKHK"",Name=""Guest""","512","DESKTOP-2E8SKHK\Guest","Built-in account for guest access to the computer/domain","True","DESKTOP-2E8SKHK","",,"True","False","Guest","False","False","False","S-1-5-21-2529540908-2362371235-1068731176-501","1","Degraded"
"DESKTOP-2E8SKHK","2","Win32_UserAccount","Win32_Account","CIM_ManagedSystemElement","Win32_UserAccount.Domain=""DESKTOP-2E8SKHK"",Name=""WDAGUtilityAccount""","16","System.String[]","DESKTOP-2E8SKHK","root\cimv2","\\DESKTOP-2E8SKHK\root\cimv2:Win32_UserAccount.Domain=""DESKTOP-2E8SKHK"",Name=""WDAGUtilityAccount""","512","DESKTOP-2E8SKHK\WDAGUtilityAccount","A user account managed and used by the system for Windows Defender Application Guard scenarios.","True","DESKTOP-2E8SKHK","",,"True","False","WDAGUtilityAccount","True","True","True","S-1-5-21-2529540908-2362371235-1068731176-504","1","Degraded"
